{"cameraMode":{"drawMode":0,"name":"Shaded","section":"Shading Mode"},"sceneLighting":true,"audioPlay":false,"sceneViewState":{"showFog":true,"showMaterialUpdate":false,"showSkybox":true,"showFlares":true,"showImageEffects":true,"showParticleSystems":true},"in2DMode":false,"pivot":{"x":4.960830211639404,"y":1.1820926666259766,"z":-3.045147180557251},"rotation":{"x":-0.08955458551645279,"y":-0.11685124784708023,"z":-0.01058057602494955,"w":0.9890481233596802},"size":3.457883834838867,"orthographic":false}